Workbook

Sheet Уведомление
A1: date | B1: focus_count | C1: total_count | D1: count_pct | E1: focus_sum | F1: total_sum | G1: sum_pct | H1: focus_purchase | I1: total_purchase | J1: purchase_pct | K1: focus_avg_cheque | L1: total_avg_cheque | M1: avg_cheque_pct | N1: id | O1: title | P1: content | Q1: created_at | R1: updated_at
A2: 45839 | B2: 148 | C2: 459 | D2: 32.24 | E2: 237711.48 | F2: 659587.77 | G2: 36.04 | H2: 152069.89 | I2: 405437.61 | J2: 37.51 | K2: 1606.16 | L2: 1437.01 | M2: 111.77 | N2: 2839 | O2: Магазин Балапан дарит Вам БОНУС 300сом | P2: Магазин Балапан дарит Вам БОНУС 300сом на любую покупку в магазине @nesthome_osh. Бонус можно использовать только с 1 по 5 июля — загляните в новый магазин домашних принадлежностей, посуды, постельного белья, и разных мелочей для дома ✨ Используйте бонус с ВЫГОДОЙ! | Q2: 45839.377 | R2: 45868.381
A3: 45840 | B3: 130 | C3: 412 | D3: 31.55 | E3: 193024.83 | F3: 566767.78 | G3: 34.06 | H3: 119699.33 | I3: 348301.27 | J3: 34.37 | K3: 1484.81 | L3: 1375.65 | M3: 107.94
A4: 45841 | B4: 157 | C4: 469 | D4: 33.48 | E4: 212682.15 | F4: 567787.36 | G4: 37.46 | H4: 132769.15 | I4: 346086.28 | J4: 38.36 | K4: 1354.66 | L4: 1210.63 | M4: 111.9
A5: 45842 | B5: 137 | C5: 455 | D5: 30.11 | E5: 263445.64 | F5: 673926.55 | G5: 39.09 | H5: 168326.93 | I5: 416251.55 | J5: 40.44 | K5: 1922.96 | L5: 1481.16 | M5: 129.83
A6: 45843 | B6: 126 | C6: 395 | D6: 31.9 | E6: 205351.88 | F6: 537052.17 | G6: 38.24 | H6: 131049.46 | I6: 332616.11 | J6: 39.4 | K6: 1629.78 | L6: 1359.63 | M6: 119.87
A7: 45844 | B7: 97 | C7: 338 | D7: 28.7 | E7: 163665.59 | F7: 484111.91 | G7: 33.81 | H7: 101986.11 | I7: 298503.8 | J7: 34.17 | K7: 1687.27 | L7: 1432.28 | M7: 117.8
A8: 45845 | B8: 154 | C8: 431 | D8: 35.73 | E8: 213549.7 | F8: 529104.11 | G8: 40.36 | H8: 132326.32 | I8: 323399.09 | J8: 40.92 | K8: 1386.69 | L8: 1227.62 | M8: 112.96
A9: 45846 | B9: 117 | C9: 368 | D9: 31.79 | E9: 174528.89 | F9: 451196.15 | G9: 38.68 | H9: 111130.02 | I9: 280901.88 | J9: 39.56 | K9: 1491.7 | L9: 1226.08 | M9: 121.66 | N9: 2872 | O9: Скидки в самом разгаре 🎉 | P9: Скидки в самом разгаре продолжаются! 🔥 Успей купить по лучшим ценам 🛍️ | Q9: 45846.404 | R9: 45868.381
A10: 45847 | B10: 115 | C10: 349 | D10: 32.95 | E10: 164430 | F10: 427112.1 | G10: 38.5 | H10: 105156.46 | I10: 267165 | J10: 39.36 | K10: 1429.83 | L10: 1223.82 | M10: 116.83
A11: 45848 | B11: 139 | C11: 358 | D11: 38.83 | E11: 191958.83 | F11: 497052.07 | G11: 38.62 | H11: 123741.81 | I11: 311034.12 | J11: 39.78 | K11: 1381 | L11: 1388.41 | M11: 99.47
A12: 45849 | B12: 158 | C12: 460 | D12: 34.35 | E12: 318903.86 | F12: 642146.47 | G12: 49.66 | H12: 202233.23 | I12: 400197.01 | J12: 50.53 | K12: 2018.38 | L12: 1395.97 | M12: 144.59
A13: 45850 | B13: 120 | C13: 383 | D13: 31.33 | E13: 192300.09 | F13: 500109.18 | G13: 38.45 | H13: 119501.85 | I13: 305138.84 | J13: 39.16 | K13: 1602.5 | L13: 1305.77 | M13: 122.72 | N13: 2905 | O13: 🎁 Скидки и бонусы от Balapan — только 2 дня! | P13: 🔥 Только 2 дня — 12-13 июлья ! 🛍 Совершите покупку от **3000 сом** и получите 🎁 **500 сом бонусов** на следующую покупку одежды или обуви! ✨ Летние скидки уже в разгаре — обновите гардероб выгодно и с удовольствием! Не упустите шанс! | Q13: 45850.424 | R13: 45868.381
A14: 45851 | B14: 86 | C14: 305 | D14: 28.2 | E14: 146386.12 | F14: 392759.28 | G14: 37.27 | H14: 91284.34 | I14: 242468.2 | J14: 37.65 | K14: 1702.16 | L14: 1287.74 | M14: 132.18
A15: 45852 | B15: 117 | C15: 385 | D15: 30.39 | E15: 175119.73 | F15: 442459.97 | G15: 39.58 | H15: 111610.21 | I15: 275308.06 | J15: 40.54 | K15: 1496.75 | L15: 1149.25 | M15: 130.24
A16: 45853 | B16: 113 | C16: 375 | D16: 30.13 | E16: 198588.66 | F16: 491208.48 | G16: 40.43 | H16: 126314.88 | I16: 306704.51 | J16: 41.18 | K16: 1757.42 | L16: 1309.89 | M16: 134.17
A17: 45854 | B17: 120 | C17: 393 | D17: 30.53 | E17: 209501.17 | F17: 503847.12 | G17: 41.58 | H17: 130439.73 | I17: 311076.24 | J17: 41.93 | K17: 1745.84 | L17: 1282.05 | M17: 136.18
A18: 45855 | B18: 131 | C18: 365 | D18: 35.89 | E18: 248739.63 | F18: 522438.82 | G18: 47.61 | H18: 153453.56 | I18: 320981.01 | J18: 47.81 | K18: 1898.78 | L18: 1431.34 | M18: 132.66 | N18: 2940 | O18: 🛍 Покупайте и получайте 🎁 *300 сом бонусов*! | P18: 🔥 Осталось только 3 дня — 17-18-19 июля! 🛍 Совершите покупку от *2000 сом* и получите 🎁 *300 сом бонусов* на следующую покупку! Спешите воспользоваться предложением! | Q18: 45855.572 | R18: 45868.381
A19: 45856 | B19: 104 | C19: 366 | D19: 28.42 | E19: 174550.79 | F19: 519561.01 | G19: 33.6 | H19: 107527.33 | I19: 317910.01 | J19: 33.82 | K19: 1678.37 | L19: 1419.57 | M19: 118.23
A20: 45857 | B20: 114 | C20: 348 | D20: 32.76 | E20: 189215.67 | F20: 481067.78 | G20: 39.33 | H20: 121491.72 | I20: 302790.75 | J20: 40.12 | K20: 1659.79 | L20: 1382.38 | M20: 120.07 | N20: 2971 | O20: ⏰ Последний день! ⚠️ Успейте получить 🎁 300 сом | P20: ⏰ Сегодня последний день акции — только 19 июля! Сделайте покупку от *2000 сом* и получите *300 сом бонусов* на следующую покупку. Не упустите шанс! | Q20: 45857.374 | R20: 45868.381
A21: 45858 | B21: 98 | C21: 290 | D21: 33.79 | E21: 181756.91 | F21: 437885.28 | G21: 41.51 | H21: 113551.67 | I21: 272003.14 | J21: 41.75 | K21: 1854.66 | L21: 1509.95 | M21: 122.83
A22: 45859 | B22: 105 | C22: 332 | D22: 31.63 | E22: 172007.38 | F22: 450376.81 | G22: 38.19 | H22: 109510.83 | I22: 278986.82 | J22: 39.25 | K22: 1638.17 | L22: 1356.56 | M22: 120.76
A23: 45860 | B23: 89 | C23: 308 | D23: 28.9 | E23: 156698.73 | F23: 425366.03 | G23: 36.84 | H23: 96404.63 | I23: 260593.3 | J23: 36.99 | K23: 1760.66 | L23: 1381.06 | M23: 127.49
A24: 45861 | B24: 110 | C24: 284 | D24: 38.73 | E24: 201702.66 | F24: 414899.55 | G24: 48.61 | H24: 126616.77 | I24: 256020.36 | J24: 49.46 | K24: 1833.66 | L24: 1460.91 | M24: 125.51
A25: 45862 | B25: 97 | C25: 313 | D25: 30.99 | E25: 189478.54 | F25: 443011.28 | G25: 42.77 | H25: 120303.5 | I25: 274924.76 | J25: 43.76 | K25: 1953.39 | L25: 1415.37 | M25: 138.01 | N25: 3005 | O25: 📚 Удвоенные бонусы и тетради по 1 сому! | P25: 🎉 Удвоенные бонусы и тетради по **1 сому** при покупке школьных товаров от **3000 с**! 🛒 Подготовьтесь к школе с выгодой! ✏️📓 | Q25: 45862.569 | R25: 45868.381
A26: 45862 | B26: 97 | C26: 313 | D26: 30.99 | E26: 189478.54 | F26: 443011.28 | G26: 42.77 | H26: 120303.5 | I26: 274924.76 | J26: 43.76 | K26: 1953.39 | L26: 1415.37 | M26: 138.01 | N26: 3004 | O26: 🎉 Вам начислено 300 сом бонусов! | P26: 🎁 Вы получили **300 сом бонусов**! 💳 Теперь на вашем бонусном счёте: **{bonus_balance} сом**. Используйте бонусы при следующей покупке и радуйтесь выгодному шопингу! 🛍️ | Q26: 45862.535 | R26: 45868.381
A27: 45863 | B27: 94 | C27: 341 | D27: 27.57 | E27: 143021.28 | F27: 443584.44 | G27: 32.24 | H27: 90736.28 | I27: 277593.67 | J27: 32.69 | K27: 1521.5 | L27: 1300.83 | M27: 116.96
A28: 45864 | B28: 125 | C28: 323 | D28: 38.7 | E28: 237214.94 | F28: 498432.59 | G28: 47.59 | H28: 145914.15 | I28: 309460.62 | J28: 47.15 | K28: 1897.72 | L28: 1543.13 | M28: 122.98
A29: 45865 | B29: 120 | C29: 327 | D29: 36.7 | E29: 281743.61 | F29: 551629.84 | G29: 51.07 | H29: 176997.43 | I29: 344375.22 | J29: 51.4 | K29: 2347.86 | L29: 1686.94 | M29: 139.18
A30: 45866 | B30: 109 | C30: 364 | D30: 29.95 | E30: 229247.96 | F30: 573523.94 | G30: 39.97 | H30: 141676.55 | I30: 350936.16 | J30: 40.37 | K30: 2103.19 | L30: 1575.62 | M30: 133.48
A31: 45867 | B31: 112 | C31: 365 | D31: 30.68 | E31: 239337.67 | F31: 551718.12 | G31: 43.38 | H31: 151608.92 | I31: 344771.16 | J31: 43.97 | K31: 2136.94 | L31: 1511.56 | M31: 141.37 | N31: 67 | O31: Спасибо за вашу покупку! | P31: Недавно вы совершили покупку на сумму {sum} сом и получили бонусные баллы в размере {bonus_cashback} сом. Вы можете использовать их в течение года. | Q31: 45563.513 | R31: 45868.381
A32: 45868 | B32: 132 | C32: 379 | D32: 34.83 | E32: 292974.41 | F32: 623776.06 | G32: 46.97 | H32: 180315.36 | I32: 382749.36 | J32: 47.11 | K32: 2219.5 | L32: 1645.85 | M32: 134.85
A33: 45869 | B33: 129 | C33: 371 | D33: 34.77 | E33: 307811.57 | F33: 692194.26 | G33: 44.47 | H33: 191698.56 | I33: 422966.07 | J33: 45.32 | K33: 2386.14 | L33: 1865.75 | M33: 127.89
A34: 45870 | B34: 128 | C34: 399 | D34: 32.08 | E34: 383370.73 | F34: 801659.36 | G34: 47.82 | H34: 229594.94 | I34: 485960.64 | J34: 47.25 | K34: 2995.08 | L34: 2009.17 | M34: 149.07
A35: 45871 | B35: 129 | C35: 428 | D35: 30.14 | E35: 386246.71 | F35: 970187.04 | G35: 39.81 | H35: 241720.58 | I35: 594917.48 | J35: 40.63 | K35: 2994.16 | L35: 2266.79 | M35: 132.09 | N35: 3041 | O35: Болгону 3 күн! Мектепке +15% бонус 🎒 | P35: Мектепке даярдануудасызбы? 📚 Жаңы мектептик коллекция келди — рюкзактар, дептерлер, канцелярия жана башка нерселер бар! Болгону 3 күн — бардык мектеп товарларына +15% бонус ала аласыз! 🏃‍♂️ Акция кыска мөөнөттө — шашылыңыз! | Q35: 45871.484 | R35: 45871.484
N36: 3040 | O36: Только 3 дня! +15% бонусами на школьную коллекцию 🎒 | P36: Собираетесь в школу? 📚 У нас уже в наличии новая школьная коллекция — рюкзаки, тетради, канцтовары и не только! Только 3 дня — получите +15% бонусами на ВСЁ для школы! 🏃‍♂️ Спешите — акция короткая! | Q36: 45871.362 | R36: 45871.362
A37: 45872 | B37: 150 | C37: 436 | D37: 34.4 | E37: 458425.61 | F37: 1023126.3 | G37: 44.81 | H37: 279687.82 | I37: 624739.99 | J37: 44.77 | K37: 3056.17 | L37: 2346.62 | M37: 130.24
A38: 45873 | B38: 171 | C38: 487 | D38: 35.11 | E38: 483056.44 | F38: 947319.05 | G38: 50.99 | H38: 296725.41 | I38: 567650.66 | J38: 52.27 | K38: 2824.89 | L38: 1945.21 | M38: 145.22 | N38: 3042 | O38: Акыркы күн! +15% бонус мектеп товарларына 🎒 | P38: Мектепке даярданууну кечиктирбеңиздер! 📚 Жаңы мектептик коллекция сатыкта — рюкзактар, дептерлер, канцтоварлар жана башкалар. Бүгүн — акыркы күн! +15% бонус бардык мектеп товарларына! 🏃‍♂️ Акция бүтүп баратат — азыр эле келүүңүздү сунуштайбыз! | Q38: 45873.388 | R38: 45873.393
A39: 45874 | B39: 134 | C39: 452 | D39: 29.65 | E39: 426780.24 | F39: 1090984.2 | G39: 39.12 | H39: 265461.73 | I39: 664985.55 | J39: 39.92 | K39: 3184.93 | L39: 2413.68 | M39: 131.95 | N39: 3070 | O39: 5-август — мектеп жарманкеси! Тетраддар болгону 1 сомго! 📘🎉 | P39: Сизди күтүп атабыз! 👋 5-август, 15:00дө Offprice мектеп жарманкеси өтөт! Болгону 1 сомго тетраддар, белектер, бонустар жана шоу-программа болот! 🎁🎈 📍 Дарек: Курманжан Датка 129а Келип, балдарыңыз менен көңүлдүү жана пайдалуу убакыт өткөрүңүз! | Q39: 45874.473 | R39: 45874.473
E40: =SUM(E34:E39) -> 2137879.7 | F40: =SUM(F34:F39) -> 4833275.9 | G40: =Table1[[#Totals],[focus_sum]]/Table1[[#Totals],[total_sum]] -> 0.4423252 | H40: =SUM(H34:H39) -> 1313190.5 | I40: =SUM(I34:I39) -> 2938254.3 | J40: =Table1[[#Totals],[focus_purchase]]/Table1[[#Totals],[total_purchase]] -> 0.4469288

Sheet СМС
A2: School #1
A3: date | B3: focus_count | C3: total_count | D3: count_pct | E3: focus_sum | F3: total_sum | G3: sum_pct | H3: focus_purchase | I3: total_purchase | J3: purchase_pct | K3: focus_avg_cheque | L3: total_avg_cheque | M3: avg_cheque_pct
A4: 2025-07-30 | B4: 16 | C4: 379 | D4: 4.22 | E4: 38506.19 | F4: 623776.06 | G4: 6.17 | H4: 22403.71 | I4: 382622.74 | J4: =Table4[[#This Row],[focus_purchase]]/Table4[[#This Row],[total_purchase]]*100 -> 5.8553002 | K4: 2406.64 | L4: 1645.85 | M4: 146.2
A5: 2025-07-31 | B5: 18 | C5: 371 | D5: 4.85 | E5: 64079.56 | F5: 692194.26 | G5: 9.26 | H5: 37959.81 | I5: 422920.2 | J5: =Table4[[#This Row],[focus_purchase]]/Table4[[#This Row],[total_purchase]]*100 -> 8.9756436 | K5: 3559.98 | L5: 1865.75 | M5: 190.8
A6: 2025-08-01 | B6: 18 | C6: 399 | D6: 4.51 | E6: 40366.68 | F6: 801659.36 | G6: 5.03 | H6: 25760.33 | I6: 485672.02 | J6: =Table4[[#This Row],[focus_purchase]]/Table4[[#This Row],[total_purchase]]*100 -> 5.3040589 | K6: 2242.59 | L6: 2009.17 | M6: 111.62
A7: 2025-08-02 | B7: 26 | C7: 428 | D7: 6.07 | E7: 124470.42 | F7: 970187.04 | G7: 12.83 | H7: 73776.03 | I7: 594113.57 | J7: =Table4[[#This Row],[focus_purchase]]/Table4[[#This Row],[total_purchase]]*100 -> 12.417833 | K7: 4787.32 | L7: 2266.79 | M7: 211.15
A8: 2025-08-03 | B8: 35 | C8: 436 | D8: =Table4[[#This Row],[focus_count]]/Table4[[#This Row],[total_count]]*100 -> 8.0275229 | E8: 151872.04 | F8: 1023126.3 | G8: =Table4[[#This Row],[focus_sum]]/Table4[[#This Row],[total_sum]]*100 -> 14.843919 | H8: =92981.1 -> 92981.1 | I8: 624739.99 | J8: =Table4[[#This Row],[focus_purchase]]/Table4[[#This Row],[total_purchase]]*100 -> 14.883168 | K8: =Table4[[#This Row],[focus_sum]]/Table4[[#This Row],[focus_count]] -> 4339.2011 | L8: 2346.62 | M8: 194.5
A9: 2025-08-04 | B9: 35 | C9: 487 | D9: 7.19 | E9: 103567.62 | F9: 947319.05 | G9: 10.94 | H9: 60804.07 | I9: 567650.66 | J9: =Table4[[#This Row],[focus_purchase]]/Table4[[#This Row],[total_purchase]]*100 -> 10.71153 | K9: 2959.07 | L9: 1945.21 | M9: 152.1
A10: 2025-08-05 | B10: 24 | C10: 452 | D10: 5.31 | E10: 88139.03 | F10: 1090984.2 | G10: 8.08 | H10: 52060.32 | I10: 665459.79 | J10: =Table4[[#This Row],[focus_purchase]]/Table4[[#This Row],[total_purchase]]*100 -> 7.8232105 | K10: 3672.46 | L10: 2413.68 | M10: 152.1
B11: =SUM(Table4[focus_count]) -> 172 | C11: =SUM(Table4[total_count]) -> 2952 | D11: =Table4[[#Totals],[focus_count]]/Table4[[#Totals],[total_count]]*100 -> 5.8265583 | E11: =SUM(Table4[focus_sum]) -> 611001.54 | F11: =SUM(Table4[total_sum]) -> 6149246.3 | G11: =Table4[[#Totals],[focus_sum]]/Table4[[#Totals],[total_sum]]*100 -> 9.9362021 | H11: =SUM(Table4[focus_purchase]) -> 365745.37 | I11: =SUM(Table4[total_purchase]) -> 3743179 | J11: =Table4[[#Totals],[focus_purchase]]/Table4[[#Totals],[total_purchase]]*100 -> 9.7709827 | K11: =Table4[[#Totals],[focus_sum]]/Table4[[#Totals],[focus_count]] -> 3552.3345 | L11: =Table4[[#Totals],[total_sum]]/Table4[[#Totals],[total_count]] -> 2083.078 | M11: =Table4[[#Totals],[focus_avg_cheque]]/Table4[[#Totals],[total_avg_cheque]]*100 -> 170.53296
A12: School #2
A13: date | B13: count | C13: total_count | D13: count_pct | E13: sum | F13: total_sum | G13: sum_pct | H13: purchase | I13: total_purchase | J13: purchase_pct | K13: avg_cheque | L13: total_avg_cheque | M13: avg_cheque_pct
A14: 2025-07-30 | B14: 10 | C14: 379 | D14: 2.64 | E14: 29440.77 | F14: 623776.06 | G14: 4.72 | H14: 18031.6 | I14: 382622.74 | J14: 4.71 | K14: 2944.08 | L14: 1645.85 | M14: 178.88
A15: 2025-07-31 | B15: 11 | C15: 371 | D15: 2.96 | E15: 15242.22 | F15: 692194.26 | G15: 2.2 | H15: 9371.46 | I15: 422920.2 | J15: 2.22 | K15: 1385.66 | L15: 1865.75 | M15: 74.27
A16: 2025-08-01 | B16: 11 | C16: 399 | D16: 2.76 | E16: 40201.9 | F16: 801659.36 | G16: 5.01 | H16: 24387.47 | I16: 485672.02 | J16: 5.02 | K16: 3654.72 | L16: 2009.17 | M16: 181.9
A17: 2025-08-02 | B17: 11 | C17: 428 | D17: 2.57 | E17: 20834.71 | F17: 970187.04 | G17: 2.15 | H17: 14638.72 | I17: 594113.57 | J17: 2.46 | K17: 1894.06 | L17: 2266.79 | M17: 83.56
A18: 2025-08-03 | B18: 12 | C18: 436 | D18: 2.5 | E18: 28849 | F18: 1023126.3 | G18: 2.42 | H18: 18952.9 | I18: 624739.99 | J18: 2.74 | K18: =Table2[[#This Row],[sum]]/Table2[[#This Row],[count]] -> 2404.0833 | L18: 2346.62 | M18: 96.6
A19: 2025-08-04 | B19: 22 | C19: 487 | D19: 4.52 | E19: 52804.88 | F19: 947319.05 | G19: 5.57 | H19: 31668.23 | I19: 567650.66 | J19: 5.58 | K19: 2400.22 | L19: 1945.21 | M19: 123.39
A20: 2025-08-05 | B20: 21 | C20: 452 | D20: 4.65 | E20: 45149.42 | F20: 1090984.2 | G20: 4.14 | H20: 27937.36 | I20: 665459.79 | J20: 4.2 | K20: 2149.97 | L20: 2413.68 | M20: 89.07
B21: =SUM(Table2[count]) -> 98 | C21: =SUM(Table2[total_count]) -> 2952 | D21: =Table2[[#Totals],[count]]/Table2[[#Totals],[total_count]]*100 -> 3.3197832 | E21: =SUM(Table2[sum]) -> 232522.9 | F21: =SUM(Table2[total_sum]) -> 6149246.3 | G21: =Table2[[#Totals],[sum]]/Table2[[#Totals],[total_sum]]*100 -> 3.7813236 | H21: =SUM(Table2[purchase]) -> 144987.74 | I21: =SUM(Table4[total_purchase]) -> 3743179 | J21: =Table2[[#Totals],[purchase]]/Table2[[#Totals],[total_purchase]]*100 -> 3.8733852 | K21: =Table2[[#Totals],[sum]]/Table2[[#Totals],[count]] -> 2372.6827 | L21: =Table2[[#Totals],[total_sum]]/Table2[[#Totals],[total_count]] -> 2083.078 | M21: =Table2[[#Totals],[avg_cheque]]/Table2[[#Totals],[total_avg_cheque]]*100 -> 113.90273
A24: Total:
A25: date | B25: count | C25: total_count | D25: count_pct | E25: sum | F25: total_sum | G25: sum_pct | H25: purchase | I25: total_purchase | J25: purchase_pct | K25: avg_cheque | L25: total_avg_cheque | M25: avg_cheque_pct
A26: 2025-08-01 | B26: =SUM(B16+B6) -> 29 | C26: 399 | D26: =B26/C26*100 -> 7.2681704 | E26: =SUM(E16+E6) -> 80568.58 | F26: 801659.36 | G26: =E26/F26*100 -> 10.050226 | H26: =SUM(H16+H6) -> 50147.8 | I26: 485672.02 | J26: =H26/I26*100 -> 10.325446 | K26: =E26/B26 -> 2778.2269 | L26: 2009.17 | M26: =K26/L26*100 -> 138.27734
A27: 2025-08-02 | B27: =SUM(B17+B7) -> 37 | C27: 428 | D27: =B27/C27*100 -> 8.6448598 | E27: =SUM(E17+E7) -> 145305.13 | F27: 970187.04 | G27: =E27/F27*100 -> 14.977022 | H27: =SUM(H17+H7) -> 88414.75 | I27: 594113.57 | J27: =H27/I27*100 -> 14.881793 | K27: =E27/B27 -> 3927.1657 | L27: 2266.79 | M27: =K27/L27*100 -> 173.24788
A28: 2025-08-03 | B28: =SUM(B18+B8) -> 47 | C28: 436 | D28: =B28/C28*100 -> 10.779817 | E28: =SUM(E18+E8) -> 180721.04 | F28: 1023126.3 | G28: =E28/F28*100 -> 17.66361 | H28: =SUM(H18+H8) -> 111934 | I28: 624739.99 | J28: =H28/I28*100 -> 17.916894 | K28: =E28/B28 -> 3845.1285 | L28: 2346.62 | M28: =K28/L28*100 -> 163.85817
A29: 2025-08-04 | B29: =SUM(B19+B9) -> 57 | C29: 487 | D29: =B29/C29*100 -> 11.704312 | E29: =SUM(E19+E9) -> 156372.5 | F29: 947319.05 | G29: =E29/F29*100 -> 16.506846 | H29: =SUM(H19+H9) -> 92472.3 | I29: 567650.66 | J29: =H29/I29*100 -> 16.290354 | K29: =E29/B29 -> 2743.3772 | L29: 1945.21 | M29: =K29/L29*100 -> 141.03244
A30: 2025-08-05 | B30: =SUM(B20+B10) -> 45 | C30: 452 | D30: =B30/C30*100 -> 9.9557522 | E30: =SUM(E20+E10) -> 133288.45 | F30: 1090984.2 | G30: =E30/F30*100 -> 12.217267 | H30: =SUM(H20+H10) -> 79997.68 | I30: 665459.79 | J30: =H30/I30*100 -> 12.021415 | K30: =E30/B30 -> 2961.9656 | L30: 2413.68 | M30: =K30/L30*100 -> 122.71575
B31: =SUM(B26:B30) -> 215 | C31: =SUM(C26:C30) -> 2202 | D31: =B31/C31*100 -> 9.763851 | E31: =SUM(E26:E30) -> 696255.7 | F31: =SUM(F26:F30) -> 4833275.9 | G31: =E31/F31*100 -> 14.405461 | H31: =SUM(H26:H30) -> 422966.53 | I31: =SUM(I26:I30) -> 2937636 | J31: =H31/I31*100 -> 14.398194 | K31: =E31/B31 -> 3238.3986 | L31: =F31/C31 -> 2194.9482 | M31: =K31/L31*100 -> 147.53873

Sheet Розничный Покупатель
A1: date | B1: focus_count | C1: total_count | D1: count_pct | E1: focus_sum | F1: total_sum | G1: sum_pct | H1: focus_purchase | I1: total_purchase | J1: purchase_pct | K1: focus_avg_cheque | L1: total_avg_cheque | M1: avg_cheque_pct
A2: 2025-07-25 | B2: 154 | C2: 341 | D2: 45.16 | E2: 119858.23 | F2: 443584.44 | G2: 27.02 | H2: 77844.98 | I2: 277618.96 | J2: 28.04 | K2: 778.3 | L2: 1300.83 | M2: 59.83
A3: 2025-07-26 | B3: 115 | C3: 323 | D3: 35.6 | E3: 103978.23 | F3: 498432.59 | G3: 20.86 | H3: 64665.33 | I3: 309460.62 | J3: 20.9 | K3: 904.16 | L3: 1543.13 | M3: 58.59
A4: 2025-07-27 | B4: 124 | C4: 327 | D4: 37.92 | E4: 98445.5 | F4: 551629.84 | G4: 17.85 | H4: 61277.71 | I4: 344375.22 | J4: 17.79 | K4: 793.92 | L4: 1686.94 | M4: 47.06
A5: 2025-07-28 | B5: 150 | C5: 364 | D5: 41.21 | E5: 124113.13 | F5: 573523.94 | G5: 21.64 | H5: 76994.41 | I5: 350936.16 | J5: 21.94 | K5: 827.42 | L5: 1575.62 | M5: 52.51
A6: 2025-07-29 | B6: 156 | C6: 365 | D6: 42.74 | E6: 108631.47 | F6: 551718.12 | G6: 19.69 | H6: 66806.45 | I6: 344771.16 | J6: 19.38 | K6: 696.36 | L6: 1511.56 | M6: 46.07
A7: 2025-07-30 | B7: 160 | C7: 379 | D7: 42.22 | E7: 121429 | F7: 623776.06 | G7: 19.47 | H7: 76267.26 | I7: 382622.74 | J7: 19.93 | K7: 758.93 | L7: 1645.85 | M7: 46.11
A8: 2025-07-31 | B8: 128 | C8: 371 | D8: 34.5 | E8: 113643.8 | F8: 692194.26 | G8: 16.42 | H8: 69739.68 | I8: 422920.2 | J8: 16.49 | K8: 887.84 | L8: 1865.75 | M8: 47.59
A9: 2025-08-01 | B9: 172 | C9: 399 | D9: 43.11 | E9: 147897.41 | F9: 801659.36 | G9: 18.45 | H9: 90669.44 | I9: 485672.02 | J9: 18.67 | K9: 859.87 | L9: 2009.17 | M9: 42.8
A10: 2025-08-02 | B10: 170 | C10: 428 | D10: 39.72 | E10: 211437.1 | F10: 970187.04 | G10: 21.79 | H10: 127442.61 | I10: 594113.57 | J10: 21.45 | K10: 1243.75 | L10: 2266.79 | M10: 54.87
A11: 2025-08-03 | B11: 148 | C11: 436 | D11: =Table6[[#This Row],[focus_count]]/Table6[[#This Row],[total_count]]*100 -> 33.944954 | E11: 132371.2 | F11: 1023126.3 | G11: =Table6[[#This Row],[focus_sum]]/Table6[[#This Row],[total_sum]]*100 -> 12.937914 | H11: 82902.96 | I11: 624739.99 | J11: =Table6[[#This Row],[focus_purchase]]/Table6[[#This Row],[total_purchase]]*100 -> 13.269994 | K11: =Table6[[#This Row],[focus_sum]]/Table6[[#This Row],[focus_count]] -> 894.4 | L11: =Table6[[#This Row],[total_sum]]/Table6[[#This Row],[total_count]] -> 2346.62 | M11: =Table6[[#This Row],[focus_avg_cheque]]/Table6[[#This Row],[total_avg_cheque]]*100 -> 38.114394
A12: 2025-08-04 | B12: 190 | C12: 487 | D12: 39.01 | E12: 142505.5 | F12: 947319.05 | G12: 15.04 | H12: 84955.81 | I12: 567650.66 | J12: 14.97 | K12: 750.03 | L12: 1945.21 | M12: 38.56
A13: 2025-08-05 | B13: 168 | C13: 452 | D13: 37.17 | E13: 150919.5 | F13: 1090984.2 | G13: 13.83 | H13: 95710.89 | I13: 665459.79 | J13: 14.38 | K13: 898.33 | L13: 2413.68 | M13: 37.22
B14: =SUM(B2:B13) -> 1835 | C14: =SUM(C2:C13) -> 4672 | D14: =B14/C14*100 -> 39.276541 | E14: =SUM(E2:E13) -> 1575230.1 | F14: =SUM(F2:F13) -> 8768135.2 | G14: =E14/F14*100 -> 17.965394 | H14: =SUM(H2:H13) -> 975277.53 | I14: =SUM(I2:I13) -> 5370341.1 | J14: =H14/I14*100 -> 18.160439 | K14: =E14/B14 -> 858.43601 | L14: =F14/C14 -> 1876.7413 | M14: =K14/L14 -> 0.45740775

Sheet Остальные
A3: date | B3: count | C3: total_count | D3: count_pct | E3: sum | F3: total_sum | G3: sum_pct | H3: purchase | I3: total_purchase | J3: purchase_pct | K3: avg_cheque | L3: total_avg_cheque | M3: avg_cheque_pct
A4: 2025-08-01 | B4: =C4-'Розничный Покупатель'!B9-Table4[[#This Row],[focus_count]]-СМС!B14-Уведомление!B34 -> 73 | C4: 399 | D4: =B4/C4*100 -> 18.295739 | E4: =F4-'Розничный Покупатель'!E9-СМС!E6-СМС!E16-Уведомление!E34 -> 189822.64 | F4: 801659.36 | G4: =E4/F4*100 -> 23.678716 | H4: =I4-'Розничный Покупатель'!H9-СМС!H6-СМС!H16-Уведомление!H34 -> 115259.84 | I4: 485672.02 | J4: =H4/I4*100 -> 23.732032 | K4: =E4/B4 -> 2600.3101 | L4: 2009.17 | M4: =K4/L4*100 -> 129.42211
A5: 2025-08-02 | B5: =C5-'Розничный Покупатель'!B10-Table4[[#This Row],[focus_count]]-СМС!B15-Уведомление!B35 -> 100 | C5: 428 | D5: =B5/C5*100 -> 23.364486 | E5: =F5-'Розничный Покупатель'!E10-СМС!E7-СМС!E17-Уведомление!E35 -> 227198.1 | F5: 970187.04 | G5: =E5/F5*100 -> 23.417969 | H5: =I5-'Розничный Покупатель'!H10-СМС!H7-СМС!H17-Уведомление!H35 -> 136535.63 | I5: 594113.57 | J5: =H5/I5*100 -> 22.981402 | K5: =E5/B5 -> 2271.981 | L5: 2266.79 | M5: =K5/L5*100 -> 100.229
A6: 2025-08-03 | B6: =C6-'Розничный Покупатель'!B11-Table4[[#This Row],[focus_count]]-СМС!B16-Уведомление!B37 -> 109 | C6: 436 | D6: =B6/C6*100 -> 25 | E6: =F6-'Розничный Покупатель'!E11-СМС!E8-СМС!E18-Уведомление!E37 -> 251608.47 | F6: 1023126.3 | G6: =E6/F6*100 -> 24.592122 | H6: =I6-'Розничный Покупатель'!H11-СМС!H8-СМС!H18-Уведомление!H37 -> 150215.21 | I6: 624739.99 | J6: =H6/I6*100 -> 24.044436 | K6: =E6/B6 -> 2308.3346 | L6: 2346.62 | M6: =K6/L6*100 -> 98.368487
A7: 2025-08-04 | B7: =C7-'Розничный Покупатель'!B12-Table4[[#This Row],[focus_count]]-СМС!B17-Уведомление!B38 -> 89 | C7: 487 | D7: =B7/C7*100 -> 18.275154 | E7: =F7-'Розничный Покупатель'!E12-СМС!E9-СМС!E19-Уведомление!E38 -> 165384.61 | F7: 947319.05 | G7: =E7/F7*100 -> 17.458174 | H7: =I7-'Розничный Покупатель'!H12-СМС!H9-СМС!H19-Уведомление!H38 -> 93497.14 | I7: 567650.66 | J7: =H7/I7*100 -> 16.470894 | K7: =E7/B7 -> 1858.254 | L7: 1945.21 | M7: =K7/L7*100 -> 95.529739
A8: 2025-08-05 | B8: =C8-'Розничный Покупатель'!B13-Table4[[#This Row],[focus_count]]-СМС!B18-Уведомление!B39 -> 103 | C8: 452 | D8: =B8/C8*100 -> 22.787611 | E8: =F8-'Розничный Покупатель'!E13-СМС!E10-СМС!E20-Уведомление!E39 -> 379995.99 | F8: 1090984.2 | G8: =E8/F8*100 -> 34.830568 | H8: =I8-'Розничный Покупатель'!H13-СМС!H10-СМС!H20-Уведомление!H39 -> 224289.49 | I8: 665459.79 | J8: =H8/I8*100 -> 33.704439 | K8: =E8/B8 -> 3689.2815 | L8: 2413.68 | M8: =K8/L8*100 -> 152.84882
B9: =SUM(B4:B8) -> 474 | C9: =SUM(C4:C8) -> 2202 | D9: =B9/C9*100 -> 21.525886 | E9: =SUM(E4:E8) -> 1214009.8 | F9: =SUM(F4:F8) -> 4833275.9 | G9: =E9/F9*100 -> 25.117743 | H9: =SUM(H4:H8) -> 719797.31 | I9: =SUM(I4:I8) -> 2937636 | J9: =H9/I9*100 -> 24.502604 | K9: =E9/B9 -> 2561.2021 | L9: =F9/C9 -> 2194.9482 | M9: =K9/L9*100 -> 116.68622
